Вопрос,Ответ модели,Время ответа,Оценка
﻿Вопрос,"Ответ: 
а) Основной задачей является обеспечение безопасности излучений, что необходимо опираться на отрывок от documentos 2,4 и 10.
б) В качестве второго приоритета важно обеспечить биологическую безопасность, что необходимо опираться на отрывок от документов 1,3,4,5 и 11.
в) Основная задача — взрывобезопасности, которая должна быть обеспечена с помощью отрывков из документа 10.12 и 13, а также опирающейся на другие документы в этом контексте, 11.3,4,5,8 и 14.
г) Механическая безопасность также является важнейшей задачей, что необходимо опираться на отрывок от документа 1,2,11.1 и 12.
д) Пожарная безопасность — это второстепенная задача, которая должна быть обеспечена с помощью отрывков изdocumentов 11.1, 10.3,4,5 и 13.12.14.
е) Термическая безопасность является третьей важнейшей задачей, которая необходимо опираться на отрывки из documentов 1,2,10.13 и 11.1, а также опирающиеся на другие документы в этом контексте, 11.3,4,5 и 12.
ж) Химическая безопасность является важнейшей задачей, которая должна быть обеспечена с помощью отрывков из документа 2,4,10.11.1 и 13.14.",77.05612015724182,-1
Какие типы железнодорожного подвижного состава подпадают под действие данного технического регламента?,"Ответ клиента: В accordance с требуемым техническим регламентом железнодорожные подвижные составы, предназначенные для серийного выпуска, должны удовлетворять требованиям о безопасности, в том числе:

* заявителем обеспечивается регистрация или учет юридического лица или физического лица с уникальным номером;
* технической документации, включая конструкторскую, технологическую, ремонтную и эксплуатационную, а также технические условия продукции;
* список стандартов, в результате применения которых обеспечивается соблюдение требований технического регламента.
* обоснование безопасности по заявителю в случае неприменения или частичного применения стандартов.
* договорами с изготовителем, предусматривающим обеспечение соответствия поставляемой на таможенную территорию Союза продукции требуемым требованиям и ответственность за несоответствие.
*Documentами, содержащими информацию о сертификатах соответствия и декларациях о соответствии продукции.",57.15800142288208,0
Какие требования к безопасности железнодорожного подвижного состава перечислены в документе?,"Правильным ответом на вопрос клиента по требуемому dokumentу является:

""1. Аппараты высоковольтные защиты и контроля железнодорожного подвижного состава от токов короткого замыкания, 2. Адаптеры колесных пар тележек грузовых вагонов.""",38.8824360370636,1
В каких случаях данный регламент не применяется к железнодорожному подвижному составу?,"Казначник: Взятый из ТР ТС 001/2011, отрывок «Вероятность несоответствия».",19.321101665496826,0
"""Что означает термин """"модернизация железнодорожного подвижного состава"""" в рамках данного регламента?""","Правильным ответом на вопрос клиента является отрывок из документа, соответствующий варианту ""а) сертификат соответствия продолжает действовать, если продукция соответствует требованиям настоящего технического регламента"".",29.026935815811157,1
Какие основные этапы идентификации продукции указаны в документе?,"Ответ: Вопрос клиента можно определить по следующему токту в отрывке из документа:

* «IDENTифификация продукции и отбор образцов продукции для проведения их исследований (испытаний) и измерений;» и 
«срок действия сертификата соответствия не устанавливается;».",28.880123376846313,1
Какие правила нанесения маркировки на железнодорожный подвижной состав описаны?,"Правила нанесения маркировки на железнодорожный подвижной состав: 
- На железнодорожный подвижной состав наносится маркировка, обеспечивающая его идентификацию и содержащая в том числе:
- ед.знак обращения продукции на рынке Союза;
- наименование изготовителя и (или) его товарный знак (при наличии);
- наименование изделия и (или) обозначение серии либо типа, номер;
- дата изготовления;
- масса тары (масса тары вагона – для моторвагонного подвижного состава, служебная масса - для локомотивов и специального самоходного подвижного состава);
- конструкционная скорость;
- tabs. или надписи, содержащие сведения о проведенных ремонтах (место для табличек или надписей – для железнодорожного подвижного состава нового изготовления);
- грузоподъемность (для грузовых, почтовых и bagajных вагонов);
- номер мест для пассажиров (для железнодорожного подвижного состава, предназначенного для перевозки пассажиров или оперативно-ремонтного персонала), 
- номер мест в вагоне (для моторвагонного подвижного состава);
Маркировка железнодорожного подвижного состава должна быть сохранена в течение всего жизненного цикла железнодорожного подвижного состава.",86.95081758499146,1
Какие устройства безопасности должны быть установлены на грузовых локомотивах согласно регламенту?,"Вопрос клиента:Какие устройства безопасности должны быть installed на грузовых locomотивах согласно регламенту?

Отрывок из документа: 146. Документы, прилагаемые к заявке, составленные на иностранном языке, сопровождаются переводом на русский язык и при наличии соответствующего требования в законодательстве государства-члена - на государственный язык (государственные языки) государства-члена, в котором осуществляется сертификация продукции. Копии dokumentов, прилагаемых к заявке, заверяются подписью и печатью заявителя (если иное не установлено законодательством государства-члена).

ПосколькуRegulamento (Режимы безопасности locomотивных составов) требует installation of safety equipment on freight trains, I cannot provide a response that would not be accurate according to the document.",58.48770570755005,1
Какие требования предъявляются к остеклению кабин машинистов и пассажирских вагонов?,"Пассажирские вагоны и вагоны моторвагонного подвижного состава, предназначенные для проезда лиц, имеющих ограничения в подвижности, а также лиц, имеющих стойкие расстройства функции зрения, должны быть оборудованы устройствами для подъема в вагон и спуска на платформу инвалида в кресле-коляске (предназначенные для эксплуатации пассажирских вагонов и вагонов моторвагонного подвижного состава, предназначенных для посадки пассажиров с низкими платформами).",46.703991651535034,1
Каковы обязательные меры для обеспечения пожарной безопасности железнодорожного подвижного состава?,"Ответ на вопрос: 1. Вагоны бункерного типа, 2. Вагоны изотермические, 3. Вагоны крытые, 4. Вагony-платформы, 5. Вагоны-самосвалы, 6. ВагONY-цистерны, 7. Вагоны широкой колеи для промышленности, 9. Дизель-поезда, автомотрисы, рельсовые автобусы, их вагоны, 10. Дизель-электропоезда, их вагоны, 11. Полувагоны, 12. Специальный несамоходный железнодорожный подвижной состав, 13.Специальный самоходный железнодорожный подвижной состав, 17. Колесные пары (kolесные узлы) вагонные без буксовых узлов.

Я не могу ответить на этот вопрос.",651.8831667900085,0
Какие особенности оценки соответствия продукции требованиям данного технического регламента указаны?,"Ответ: 
Вопрос клиента можно ответить следующим образом:

Поскольку в документеmentionяется раздел VIII ""Маркировка единым знаком обращения продукции на рынке Союза"", то для того, чтобы маркировка единого знака обращения продукции была культурно-lingвопрестижноустановлена, необходимо иметь у нас уникальный и общедолгосрочной маркирующий знак, который не может быть использован в других контекстах.

Следовательно, ответом на вопрос клиenta будет: ""Я не могу ответить на этот вопрос"", поскольку мы не можем установить уникальную и культурно-lingвопрестижноустановленную маркировку единого знака обращения продукции на рынке Союза.",58.07021951675415,0
Какие устройства должны быть предусмотрены для обеспечения условий проезда пассажиров с ограниченной подвижностью?,"Ответ: 
а) поездная радиосвязь;
б) автоматизированная система управления, обеспечивающая контроль скорости движения и получения (передачи) речевой информации при подъездах к входным и выходным светофорам, железнодорожным переездам и станциям.
в) Automatic пожарная сигнализация;
г) регистраторы параметров движения;
д) Automatическая локомотивная сигнализация;
е) электропневматический тormoz;
ж) Installate fire alarm system for passengers with reduced mobility. 
з) Fire alarm system for coaches and passenger wagons.
37. Control of the speed, periodical check of driver's vigilance and automatic stop in case of loss of control over locomotive/motor-vagong carriages and special self-propelled freight trains should be ensured by additional devices, including:
a) Automatic control of braking of locomotives/motor-vagong cars and coaches;
b) Control of driver's vigilance; 
c) Display of working group of loco-motorvagong personnel on the cab side (""standing"" and ""sitting"").
d) Alarm system for brakes.",69.17399740219116,-1
Какие требования предъявляются к системам управления тормозами на пассажирских и грузовых вагонах?,"Пассажирские вагоны и вагоны моторвагонного подвижного состава, предназначенные для проезда лиц, имеющих ограничения в подвижности, а также лиц, имеющих стойкие расстройства функции зрения, должны быть оборудованы устройствами для подъема в вагон и спуска на платформу инвалида в кресле-коляске.",36.697264671325684,1
